Joueur,Distance (px),Temps gauche,Temps droite,Frames
36,-0.8744712752511536,62,0,62
18,0.0643023146280043,302,138,440
27,-0.0365156165369229,355,0,355
20,-0.2852062054905849,351,88,439
10,1.4887887819611505,323,65,388
11,-1.1867175388811604,77,0,77
39,-1.0909230177206666,62,0,62
